<?xml version="1.0" encoding="utf-8"?>
<config>
    <version>0.974</version>
    <devfolder>/Users/asanieyan/Projects/socialengine</devfolder>
    <!--    <devfolder>/Users/asanieyan/Projects/eblast_trunk</devfolder>-->
    <projects>
        <project name="Anahita Socialengine">
            <migration>20</migration>
        </project>
        <project name="Photos">
            <migration>2</migration>
        </project>
        <project name="Inviter">
            <migration>1</migration>
        </project>
        <project name="Bingo Welcome"/>
        <project name="Karma">
            <migration>1</migration>
        </project>
        <project name="Eblast"/>
        <project name="Bingo"/>
    </projects>
    <!--
                                                                                                                                                                                                                                                                                                                                                                                                                                                                        <projects>
    <project name="Eblast">
        <migration>1</migration>
    </project>
</projects>-->
    </config>
    