<?xml version="1.0" encoding="utf-8"?>
<install type="component" version="1.5.0">
    <name>JDeveloper</name>
    <author/>
    <creationDate>2008:09</creationDate>
    <copyright/>
    <license>http://www.gnu.org/licenses/gpl-2.0.html GNU/GPL</license>
    <authorEmail/>
    <authorUrl/>
    <version/>
    <description/>
    <administration>
        <menu>Joomla Developer</menu>
        <files folder="admin">
            <file>.DS_Store</file>
            <file>config.xml</file>
            <file>index.html</file>
            <file>jdeveloper.php</file>
            <folder>controllers</folder>
            <folder>core</folder>
            <folder>install</folder>
            <folder>models</folder>
            <folder>templates</folder>
            <folder>views</folder>
        </files>
    </administration>
    <files folder="site"/>
</install>
